-- phpMyAdmin SQL Dump
-- version 5.2.0
-- https://www.phpmyadmin.net/
--
-- Host: 127.0.0.1
-- Generation Time: Jul 03, 2023 at 12:17 PM
-- Server version: 10.4.27-MariaDB
-- PHP Version: 8.2.0

SET SQL_MODE = "NO_AUTO_VALUE_ON_ZERO";
START TRANSACTION;
SET time_zone = "+00:00";


/*!40101 SET @OLD_CHARACTER_SET_CLIENT=@@CHARACTER_SET_CLIENT */;
/*!40101 SET @OLD_CHARACTER_SET_RESULTS=@@CHARACTER_SET_RESULTS */;
/*!40101 SET @OLD_COLLATION_CONNECTION=@@COLLATION_CONNECTION */;
/*!40101 SET NAMES utf8mb4 */;

--
-- Database: `store`
--

-- --------------------------------------------------------

--
-- Table structure for table `items`
--

CREATE TABLE `items` (
  `id` int(11) NOT NULL,
  `name` varchar(255) NOT NULL,
  `price` int(11) NOT NULL
) ENGINE=InnoDB DEFAULT CHARSET=latin1 COLLATE=latin1_swedish_ci;

--
-- Dumping data for table `items`
--

INSERT INTO `items` (`id`, `name`, `price`) VALUES
(1, 'Digital Human Art-1', 500),
(2, 'Digital Human Art-2', 400),
(3, 'Digital Human Art-3', 500),
(4, 'Digital Human Art-4', 800),
(5, 'Ai Art-1', 300),
(6, 'Ai Art-2', 300),
(7, 'Ai Art-3', 800),
(8, 'Ai Art-4', 180),
(9, 'Traditional Art-1', 1500),
(10, 'Traditional Art-2', 1000),
(11, 'Traditional Art-3', 900),
(12, 'Traditional Art-4', 1200);

-- --------------------------------------------------------

--
-- Table structure for table `users`
--

CREATE TABLE `users` (
  `id` int(11) NOT NULL,
  `name` varchar(255) NOT NULL,
  `email` varchar(255) NOT NULL,
  `password` varchar(255) NOT NULL,
  `contact` varchar(255) NOT NULL,
  `city` varchar(255) NOT NULL,
  `address` varchar(255) NOT NULL
) ENGINE=InnoDB DEFAULT CHARSET=latin1 COLLATE=latin1_swedish_ci;

--
-- Dumping data for table `users`
--

INSERT INTO `users` (`id`, `name`, `email`, `password`, `contact`, `city`, `address`) VALUES
(4, 'Hardik Bandhiya', 'hardik1@gmail.com', '49fbf3c370c2c60162c15a7ab1c50625', '1234567890', 'rajkot', 'rajkot'),
(5, 'MySpace', 'hardik111@gmail.com', '9e574e4f7f767136f624dd0da1ea19a1', '5232323456', 'rajkot', 'rajkot'),
(6, 'naruto', 'naruto@gmail.com', '4fd7216e3b9450c8f083908f6562c6ff', '7272102343', 'rajkot', 'rajkot');

-- --------------------------------------------------------

--
-- Table structure for table `users_items`
--

CREATE TABLE `users_items` (
  `id` int(11) NOT NULL,
  `user_id` int(11) NOT NULL,
  `item_id` int(11) NOT NULL,
  `status` enum('Added to cart','Confirmed') NOT NULL
) ENGINE=InnoDB DEFAULT CHARSET=latin1 COLLATE=latin1_swedish_ci;

--
-- Dumping data for table `users_items`
--

INSERT INTO `users_items` (`id`, `user_id`, `item_id`, `status`) VALUES
(7, 3, 3, 'Added to cart'),
(8, 3, 4, 'Added to cart'),
(9, 3, 5, 'Added to cart'),
(10, 3, 11, 'Added to cart'),
(11, 1, 9, 'Added to cart'),
(12, 1, 2, 'Added to cart'),
(13, 1, 8, 'Added to cart'),
(14, 5, 3, 'Confirmed'),
(15, 5, 2, 'Confirmed'),
(16, 5, 4, 'Confirmed'),
(26, 6, 1, 'Confirmed');

--
-- Indexes for dumped tables
--

--
-- Indexes for table `items`
--
ALTER TABLE `items`
  ADD PRIMARY KEY (`id`);

--
-- Indexes for table `users`
--
ALTER TABLE `users`
  ADD PRIMARY KEY (`id`);

--
-- Indexes for table `users_items`
--
ALTER TABLE `users_items`
  ADD PRIMARY KEY (`id`),
  ADD KEY `user_id` (`user_id`,`item_id`),
  ADD KEY `item_id` (`item_id`);

--
-- AUTO_INCREMENT for dumped tables
--

--
-- AUTO_INCREMENT for table `items`
--
ALTER TABLE `items`
  MODIFY `id` int(11) NOT NULL AUTO_INCREMENT, AUTO_INCREMENT=13;

--
-- AUTO_INCREMENT for table `users`
--
ALTER TABLE `users`
  MODIFY `id` int(11) NOT NULL AUTO_INCREMENT, AUTO_INCREMENT=7;

--
-- AUTO_INCREMENT for table `users_items`
--
ALTER TABLE `users_items`
  MODIFY `id` int(11) NOT NULL AUTO_INCREMENT, AUTO_INCREMENT=27;

--
-- Constraints for dumped tables
--

--
-- Constraints for table `users_items`
--
ALTER TABLE `users_items`
  ADD CONSTRAINT `users_items_ibfk_1` FOREIGN KEY (`user_id`) REFERENCES `users` (`id`),
  ADD CONSTRAINT `users_items_ibfk_2` FOREIGN KEY (`item_id`) REFERENCES `items` (`id`);
COMMIT;

/*!40101 SET CHARACTER_SET_CLIENT=@OLD_CHARACTER_SET_CLIENT */;
/*!40101 SET CHARACTER_SET_RESULTS=@OLD_CHARACTER_SET_RESULTS */;
/*!40101 SET COLLATION_CONNECTION=@OLD_COLLATION_CONNECTION */;
